{
  "model_name": "bigru",
  "model_kind": "rnn_family",
  "model_dir": "C:\\Dev\\NLP_Ass\\output\\bigru",
  "model_file": "C:\\Dev\\NLP_Ass\\output\\bigru\\rnn_model.keras",
  "data_dir": "C:\\Dev\\NLP_Ass\\output\\split",
  "split": "test",
  "text_col": "clean_text",
  "label_col": "label",
  "threshold_used": 0.4199999999999998,
  "max_len_used": 500,
  "truncate_strategy": "head_tail",
  "num_samples": 942,
  "metrics": {
    "accuracy": 0.678343949044586,
    "precision": 0.5663366336633663,
    "recall": 0.772972972972973,
    "f1": 0.6537142857142857,
    "roc_auc": 0.7752409752409751,
    "confusion_matrix": [
      [
        353,
        219
      ],
      [
        84,
        286
      ]
    ],
    "classification_report": {
      "0": {
        "precision": 0.8077803203661327,
        "recall": 0.6171328671328671,
        "f1-score": 0.6997026759167493,
        "support": 572.0
      },
      "1": {
        "precision": 0.5663366336633663,
        "recall": 0.772972972972973,
        "f1-score": 0.6537142857142857,
        "support": 370.0
      },
      "accuracy": 0.678343949044586,
      "macro avg": {
        "precision": 0.6870584770147494,
        "recall": 0.6950529200529201,
        "f1-score": 0.6767084808155175,
        "support": 942.0
      },
      "weighted avg": {
        "precision": 0.7129457512790589,
        "recall": 0.678343949044586,
        "f1-score": 0.6816392954762912,
        "support": 942.0
      }
    }
  }
}