{
  "model_name": "lstm",
  "model_kind": "rnn_family",
  "model_dir": "C:\\Dev\\NLP_Ass\\output\\lstm",
  "model_file": "C:\\Dev\\NLP_Ass\\output\\lstm\\rnn_model.keras",
  "data_dir": "C:\\Dev\\NLP_Ass\\output\\split",
  "split": "test",
  "text_col": "clean_text",
  "label_col": "label",
  "threshold_used": 0.3999999999999998,
  "max_len_used": 500,
  "truncate_strategy": "head_tail",
  "num_samples": 942,
  "metrics": {
    "accuracy": 0.4256900212314225,
    "precision": 0.4018369690011481,
    "recall": 0.9459459459459459,
    "f1": 0.5640612409347301,
    "roc_auc": 0.519003969003969,
    "confusion_matrix": [
      [
        51,
        521
      ],
      [
        20,
        350
      ]
    ],
    "classification_report": {
      "0": {
        "precision": 0.7183098591549296,
        "recall": 0.08916083916083917,
        "f1-score": 0.15863141524105753,
        "support": 572.0
      },
      "1": {
        "precision": 0.4018369690011481,
        "recall": 0.9459459459459459,
        "f1-score": 0.5640612409347301,
        "support": 370.0
      },
      "accuracy": 0.4256900212314225,
      "macro avg": {
        "precision": 0.5600734140780389,
        "recall": 0.5175533925533926,
        "f1-score": 0.3613463280878938,
        "support": 942.0
      },
      "weighted avg": {
        "precision": 0.5940052207718095,
        "recall": 0.4256900212314225,
        "f1-score": 0.31787667586383767,
        "support": 942.0
      }
    }
  }
}